user_id,name,email,password
1,Derrick Cantrell,ochang@example.org,$2b$12$J//VFgFtZtbUBt/1n47VuuqVyFJcfBatR./WxSVdM4ePSN0GtrFEu
2,Matthew Larson,hooverpamela@example.com,$2b$12$rws/ty3Zl0rz0JnBM1CvGefaHxCyMs.271mws95T2TmJ..zeuIJsq
3,Kimberly Mcintyre,edaniels@example.com,$2b$12$Jm34ceKd7EJ4gLnbei4roO/dYylSIBFnaasSJ0HR.X./IKCWaD8Gq
4,David Ramirez,juarezthomas@example.net,$2b$12$EbsbDIU63vlTT7HSA0ioae.3xN9WTwrzzGgG5o17UoIN5q0yod6Ly
5,Roberto Aguirre,staceyfisher@example.org,$2b$12$mXk7m6jJCi.ejmifyTMeue3TrR3X8JsSU8tXL1wMrgliXfL16bTQy
6,Thomas George,mccarthytheresa@example.com,$2b$12$2Wl/edD97wJiC0pT3D5XSeov1UZ6DxeSUKGEWpnkh4FgABnC5o/vK
7,Leah Boyd,banksandrea@example.com,$2b$12$hsSQY.fY7ddB9zWMP10CR.Ekw7y0Dy0kK8kXFRATPwkIeO8mfi17.
8,Matthew Rose,qstewart@example.com,$2b$12$ld9oZkY6tdvht1izJtM4/O/RxJB5P7cXspf5HVi0oTEEsbNJIx3q6
9,Martha Carter,fwatson@example.com,$2b$12$pjz5eumb9p9TWYwFnMxVjuct8QbI1mEcW2OoDGgahTQjanuI8Zq9a
10,Timothy Barrera,jtodd@example.net,$2b$12$lRHcXVoQQNrTw68JmWNca.VqEdohe0JijuehUltPi7xYb9U9IGh5C
11,Bonnie Boyd,griffinjeremy@example.net,$2b$12$23YxMUMlxIvbeAkNL.rSL.T4tgf517TAacltE5YF3PaaIiIbCnlmC
12,Timothy Ortiz,ljones@example.org,$2b$12$2g/N9eIzF6KzKW5M0DzhCusuvVjNBURQpfiGvsgtMGg59ezbiWgSa
13,Lindsay Phelps,robert78@example.net,$2b$12$pCorCpdh7.buLlpYjzIIG.9sM2JRxKgvUJ8ESONP79uRQvfabwioK
14,Faith Gonzalez,gdavis@example.org,$2b$12$2X3cUZ.f/kAeaAtlZrvv1O/sybzaXbti2ewqiatRNE0zi9xiQymf.
15,Bradley Barnes,williamsaaron@example.net,$2b$12$hmbx//Ajb9sVENHK2Ua/zur9i.NBdWsYQzWAPELENfHrSDxzQpBYi
16,Gregory Lopez,fbennett@example.com,$2b$12$SP.4RHwKe4YFiUHtsIDyWOWv1X.ECXioQf8XGYV91l7Xgb2ZgMJG6
17,Wendy Chang,jacob42@example.net,$2b$12$WUH04F12kE6vQ6rN4U1u6eudCowd664tjnm2FoT2pFW1X3RVQU.E2
18,Joseph Rogers,donna14@example.net,$2b$12$r98NLUovZCZ7eLcJ.Zh.0eTAk6vJqY2LDpYbQHjsApYHE5qpx8vSe
19,Sarah Carter,wardmelinda@example.net,$2b$12$Mnx6qnzDVWZ.sVe34YwDNO.kAtXzY0.uIlVyIc55u6k3ch0Amyu1W
20,Julie Banks,josephtanner@example.com,$2b$12$p3YI.Gw.0m7srtUa4bJrO.ihgAwyXxhsoqjal/P94DfDlvZpL6I6.
21,Ryan Wolfe,moorecheyenne@example.net,$2b$12$V2OzpSpp8ehPeRKbPJWR2eMsEERS/Kj2yR5ubzHfsOnEOAz7crode
22,Emily Taylor,christopher02@example.org,$2b$12$5qn3NlQOzOmP9CoNtHDWb.5F47Wxd9PXWiWX4/okDU2u57C/FAmEO
23,Morgan Lopez,michaelmccoy@example.com,$2b$12$owMEnValEoDW24CETsZOjOBbhL8b2VTmKn2SNQEHwZbUUu5CoI4j2
24,Katherine Cross,schwartzkelli@example.net,$2b$12$QYujJlswp7eY1lPP7cxmFOl7HO2WTvdxCQmkC0L0oOGEhzdX8Iv8W
25,Phyllis Young,mcintyremelissa@example.net,$2b$12$ETP8iY6iAeoKOuh/x63XkegxwWx8HlaLV6QXd39BraEYHH3ErE9UC
26,Caitlin Hansen,kara29@example.org,$2b$12$NBOes3LFpiKsf8LMjonHwuZ4yUI711P6HWqDXAUIEr/cUfSL7MtRy
27,Matthew Grimes,ellisonjoshua@example.org,$2b$12$yMW0sNlHOf0X7/JflWWmc.tPWzylrs/tDeBcI9ZnkLOJhGZYej1iW
28,Leah Stone,wlevy@example.org,$2b$12$bbWt3AMkKJodiHsdumk7K.gPmn9y/MfPWKM2Qri0n9dEuP7d7Eg4S
29,Edward Johnson,jennifersmith@example.net,$2b$12$8Pyi0xNB4lVnYnkdf7OCU.QnVkjvxMzEdnrgePSyqgxCxNEDZNy4G
30,Jose Smith,nguyencarol@example.net,$2b$12$PaR0jz3hIZo74WvlWdVHZ.6yy5iGwi7MMSnCK7m2KFZFONz5WppKy
31,David Casey,bakermichelle@example.net,$2b$12$vPJKStnYFWjoIn/AWUcLNu6y4xuBC3Lbo0fUkMRXO0Uz5mYKHMZue
32,Brian Hanson,qmoss@example.org,$2b$12$uFJ5ewYHbuRmXj16BpfKJOgx6M3Hsr8SEmyi0kCUdiW1WBoFJC5z.
33,Jeremy Clay,aaronstanley@example.net,$2b$12$3yUa8/6PeS5uHAS7aiexeuc19ewFt4ignZDi7YNubtudbnzMEn9jG
34,Michael Jenkins,marcus98@example.net,$2b$12$hZLh3VNYuN3zrPZ.NgEfo.VkKFmJoAb4fx55hqVVPuc8b9bjxLBF6
35,Tyler Wilson,qbridges@example.net,$2b$12$2sJHk8AafwBmdv8sffYXEOjWBDpzS34FKGoAG64wT8IGgATXedaZ2
36,Julia Stanley,goliver@example.net,$2b$12$nXkL0aSfP912o2/gcXfHUuBBc7ef85VnIPm9KOn/sgqA2jOLsUfjW
37,Christopher Hurley,robertmoore@example.net,$2b$12$zifXdRy5LQcVN3L1StJ3MeEuTwn9tjqi/p44kbEg0orELBMvXgn02
38,Kenneth Smith,tarabell@example.com,$2b$12$2gulf98TthlJV8EC2FBo6.xWvaxfeyirlWXZSxVovIJBUvDKVW9yq
39,Amy Walters,paula76@example.com,$2b$12$QEpqa3AxVbBEJfNvWFDDW.5Qi9Ky37J9kEFZ1iu0czs0luqoNv5BK
40,Jessica Mcdaniel,christine08@example.com,$2b$12$.uoMMNbmkWXCLYKwc0vblOyVYTLrY92X/deeCh.zijOUS3.F5Jj5i
41,Ashley Cooper,tarroyo@example.net,$2b$12$iEVWygy1HiDTIR6wy9vzfeomnEthQ69lJZlmxOZuti3gradAiKf7y
42,Andrew Lee,rwalker@example.org,$2b$12$jIPE9N2LdSIk7sSTq6MMo.TbwaA8EeKqvMVcT8gEHETm779CgTOYe
43,Timothy Carter,steeledarren@example.com,$2b$12$N0xCBRsJdySkU328F/a21uUV3NLIehSRRaFkPr6bOx9JCwWn9kEyi
44,Holly Aguilar,ronald70@example.org,$2b$12$TPSknIABixxCqDknK4sHLuQelFYxMVDMl32WKcUij8/wwcp7e7wSy
45,Melissa Park,bdavis@example.com,$2b$12$rLSrKrwV2VE7u.sR/XPdDeEdULBgLj1a3Za6hXECjD4CljDFRNUgG
46,Melissa Alvarado,sjenkins@example.org,$2b$12$8W2LfqMRpDCjXdv78DJcwumK9GLWr3fRa5LF5FOsj5Cme2j4Fx0/G
47,Angela Johnson,daniel50@example.net,$2b$12$QyxTiZbCR7GovtcwmHcEXeuza0WXdyQz85p9ASrjZ8ATtU0cgimd6
48,Maria Stark,vangmichael@example.net,$2b$12$XajU/q4MxQg3VriBsBLEXuk9S8Vg9ot6Epci6w9QL22fmko0WF09S
49,Nicole Ramirez,bennetttina@example.com,$2b$12$PwPcaX5kjTavcYHAPkMJK.DEsBpDKQTksBWluI9LdW.nH/raNHgNS
50,Melanie Dennis,gregory86@example.com,$2b$12$EPQq48GPOHRy3Co1gc0fgO1Np2hJomplwmM5NL6yWo/1gHcMcNY3G
